date,daily_income,grocery_expense,utilities_expense,entertainment_expense,impulse_purchases,impulse_frequency,mood_score
2020-01-02,2785.0,1485.69,1475.58,0.0,0.0,0.2,6.0
2020-01-04,2785.0,0.0,1185.08,0.0,0.0,0.2,6.0
2020-01-05,2291.0,0.0,0.0,0.0,0.0,0.2,6.0
2020-01-13,2291.0,1126.88,0.0,0.0,0.0,0.2,6.0
2020-01-14,2291.0,0.0,0.0,0.0,448.68,0.2,6.0
2020-01-18,2291.0,1520.03,0.0,0.0,0.0,0.2,6.0
2020-01-19,3287.0,0.0,0.0,0.0,0.0,0.2,6.0
2020-01-21,3287.0,0.0,0.0,1914.85,0.0,0.2,6.0
2020-01-25,3287.0,0.0,766.06,0.0,1211.41,0.2,6.0
2020-01-26,3287.0,0.0,0.0,0.0,1077.09,0.2,6.0
2020-01-29,3287.0,0.0,0.0,0.0,166.81,0.2,6.0
2020-01-30,3287.0,0.0,0.0,0.0,1158.93,0.2,6.0
2020-01-31,3287.0,1325.91,1712.08,0.0,563.17,0.2,6.0
2020-02-02,3287.0,0.0,0.0,0.0,333.68,0.2,6.0
2020-02-04,3287.0,0.0,0.0,0.0,1406.62,0.2,6.0
2020-02-05,1838.0,0.0,1222.17,0.0,0.0,0.2,6.0
2020-02-07,1838.0,0.0,0.0,1372.38,1979.15,0.2,6.0
2020-02-08,3786.0,465.81,0.0,0.0,0.0,0.2,6.0
2020-02-09,3786.0,0.0,0.0,1827.14,0.0,0.2,6.0
2020-02-11,3786.0,0.0,0.0,0.0,433.13,0.2,6.0
2020-02-13,3786.0,0.0,0.0,0.0,294.31,0.2,6.0
2020-02-15,4009.0,0.0,0.0,0.0,0.0,0.2,6.0
2020-02-16,4009.0,0.0,1023.96,0.0,730.37,0.2,6.0
2020-02-18,1398.0,0.0,0.0,0.0,0.0,0.2,6.0
2020-02-19,3958.0,0.0,0.0,0.0,0.0,0.2,6.0
2020-02-20,3958.0,0.0,0.0,0.0,769.42,0.2,6.0
2020-02-26,3958.0,0.0,0.0,0.0,1942.45,0.2,6.0
2020-02-27,3958.0,1363.76,0.0,0.0,0.0,0.2,6.0
2020-02-28,5081.0,0.0,0.0,0.0,0.0,0.2,6.0
2020-02-29,5081.0,0.0,0.0,0.0,1944.06,0.2,6.0
2020-03-03,5081.0,0.0,1742.33,0.0,0.0,0.2,6.0
2020-03-04,5081.0,1201.9,0.0,314.15,0.0,0.2,6.0
2020-03-09,5081.0,0.0,1858.91,0.0,486.51,0.2,6.0
2020-03-11,5081.0,0.0,2136.64,0.0,0.0,0.2,6.0
2020-03-12,5081.0,0.0,802.96,0.0,0.0,0.2,6.0
2020-03-14,5081.0,0.0,0.0,0.0,1929.08,0.2,6.0
2020-03-15,5081.0,0.0,0.0,1428.77,0.0,0.2,6.0
2020-03-18,5081.0,0.0,0.0,0.0,881.82,0.2,6.0
2020-03-21,5081.0,0.0,503.33,0.0,0.0,0.2,6.0
2020-03-23,2385.0,151.28,0.0,0.0,0.0,0.2,6.0
2020-03-24,2385.0,0.0,0.0,144.13,0.0,0.2,6.0
2020-03-28,1080.0,0.0,0.0,0.0,0.0,0.2,6.0
2020-04-01,1080.0,0.0,0.0,0.0,1341.27,0.2,6.0
2020-04-05,1080.0,0.0,1449.47,0.0,0.0,0.2,6.0
2020-04-06,1080.0,0.0,0.0,0.0,882.48,0.2,6.0
2020-04-10,3402.0,0.0,0.0,0.0,0.0,0.2,6.0
2020-04-17,996.0,0.0,0.0,0.0,1729.04,0.2,6.0
2020-04-18,996.0,0.0,0.0,0.0,1603.18,0.2,6.0
2020-04-22,2058.0,0.0,0.0,0.0,0.0,0.2,6.0
2020-04-23,2058.0,0.0,849.54,0.0,0.0,0.2,6.0
2020-04-25,2058.0,0.0,0.0,1750.23,0.0,0.2,6.0
2020-04-26,914.0,1938.3,0.0,0.0,0.0,0.2,6.0
2020-04-27,914.0,0.0,0.0,2071.61,0.0,0.2,6.0
2020-04-29,914.0,0.0,764.16,0.0,0.0,0.2,6.0
2020-04-30,914.0,0.0,0.0,0.0,1853.77,0.2,6.0
2020-05-01,914.0,0.0,0.0,0.0,851.78,0.2,6.0
2020-05-03,914.0,1162.57,0.0,0.0,318.05,0.2,6.0
2020-05-05,914.0,0.0,0.0,0.0,123.76,0.2,6.0
2020-05-06,914.0,0.0,269.55,0.0,0.0,0.2,6.0
2020-05-07,3807.0,0.0,0.0,0.0,0.0,0.2,6.0
2020-05-11,825.0,0.0,0.0,0.0,0.0,0.2,6.0
2020-05-12,825.0,0.0,0.0,0.0,1318.17,0.2,6.0
2020-05-13,825.0,0.0,0.0,0.0,1870.07,0.2,6.0
2020-05-14,825.0,0.0,0.0,0.0,484.99,0.2,6.0
2020-05-15,825.0,0.0,0.0,0.0,919.88,0.2,6.0
2020-05-16,825.0,0.0,28.54,0.0,0.0,0.2,6.0
2020-05-17,825.0,0.0,155.79,0.0,0.0,0.2,6.0
2020-05-19,825.0,0.0,0.0,0.0,273.59,0.2,6.0
2020-05-20,825.0,0.0,1759.75,0.0,0.0,0.2,6.0
2020-05-21,825.0,0.0,881.99,0.0,0.0,0.2,6.0
2020-05-25,825.0,0.0,0.0,0.0,1227.24,0.2,6.0
2020-05-27,825.0,1339.05,0.0,0.0,0.0,0.2,6.0
2020-05-28,825.0,0.0,1878.47,0.0,0.0,0.2,6.0
2020-05-29,1376.0,0.0,0.0,0.0,0.0,0.2,6.0
2020-05-30,1376.0,0.0,551.97,0.0,0.0,0.2,6.0
2020-05-31,1376.0,0.0,0.0,0.0,1430.92,0.2,6.0
2020-06-01,1376.0,193.67,0.0,0.0,0.0,0.2,6.0
2020-06-02,1376.0,0.0,0.0,0.0,97.73,0.2,6.0
2020-06-05,1376.0,0.0,1277.86,0.0,0.0,0.2,6.0
2020-06-06,1376.0,0.0,0.0,0.0,1107.84,0.2,6.0
2020-06-07,1376.0,232.63,0.0,0.0,0.0,0.2,6.0
2020-06-08,1376.0,0.0,1095.72,0.0,0.0,0.2,6.0
2020-06-09,826.0,0.0,865.28,0.0,0.0,0.2,6.0
2020-06-10,826.0,0.0,0.0,1367.31,1562.43,0.2,6.0
2020-06-11,826.0,0.0,0.0,1730.57,1947.94,0.2,6.0
2020-06-12,826.0,0.0,1764.02,0.0,0.0,0.2,6.0
2020-06-14,3872.0,0.0,0.0,0.0,0.0,0.2,6.0
2020-06-15,3872.0,0.0,0.0,540.94,0.0,0.2,6.0
2020-06-18,5686.0,0.0,771.26,0.0,0.0,0.2,6.0
2020-06-19,5686.0,0.0,0.0,453.62,663.24,0.2,6.0
2020-06-21,5686.0,0.0,0.0,0.0,2587.8599999999997,0.2,6.0
2020-06-22,1962.0,0.0,0.0,0.0,86.13,0.2,6.0
2020-06-24,1962.0,0.0,0.0,0.0,1459.8,0.2,6.0
2020-06-30,1962.0,0.0,776.54,0.0,98.33,0.2,6.0
2020-07-02,1962.0,0.0,0.0,734.8,0.0,0.2,6.0
2020-07-03,3071.0,0.0,0.0,0.0,0.0,0.2,6.0
2020-07-04,3071.0,0.0,1442.31,0.0,0.0,0.2,6.0
2020-07-05,3071.0,0.0,0.0,0.0,1337.12,0.2,6.0
2020-07-06,1925.0,0.0,0.0,0.0,1113.28,0.2,6.0
2020-07-08,1925.0,0.0,0.0,0.0,818.09,0.2,6.0
2020-07-11,1925.0,0.0,0.0,0.0,580.96,0.2,6.0
2020-07-12,1925.0,0.0,0.0,1027.24,935.33,0.2,6.0
2020-07-13,1925.0,0.0,1321.11,0.0,0.0,0.2,6.0
2020-07-17,1925.0,0.0,0.0,0.0,195.84,0.2,6.0
2020-07-20,1925.0,0.0,0.0,1348.86,0.0,0.2,6.0
2020-07-21,1096.0,0.0,0.0,303.23,0.0,0.2,6.0
2020-07-22,1096.0,1786.39,0.0,1439.51,495.53,0.2,6.0
2020-07-23,1096.0,0.0,1559.06,0.0,0.0,0.2,6.0
2020-07-24,1096.0,0.0,0.0,0.0,109.93,0.2,6.0
2020-07-28,1096.0,0.0,918.36,0.0,1900.58,0.2,6.0
2020-07-29,1096.0,0.0,0.0,0.0,1662.83,0.2,6.0
2020-07-30,1096.0,0.0,1489.87,0.0,0.0,0.2,6.0
2020-07-31,1096.0,0.0,0.0,0.0,1506.04,0.2,6.0
2020-08-01,2420.0,0.0,0.0,556.45,1533.97,0.2,6.0
2020-08-02,2420.0,0.0,0.0,0.0,1787.12,0.2,6.0
2020-08-03,2394.0,0.0,0.0,0.0,0.0,0.2,6.0
2020-08-04,3210.0,0.0,1415.77,0.0,133.91,0.2,6.0
2020-08-05,3210.0,1714.9,0.0,0.0,1810.63,0.2,6.0
2020-08-06,3210.0,0.0,0.0,0.0,959.19,0.2,6.0
2020-08-08,3210.0,0.0,0.0,0.0,2590.48,0.2,6.0
2020-08-09,3210.0,0.0,0.0,981.58,0.0,0.2,6.0
2020-08-13,3210.0,0.0,0.0,0.0,67.76,0.2,6.0
2020-08-14,3210.0,0.0,0.0,0.0,1451.12,0.2,6.0
2020-08-16,3210.0,0.0,1961.64,0.0,0.0,0.2,6.0
2020-08-17,3210.0,0.0,0.0,0.0,1187.87,0.2,6.0
2020-08-18,3210.0,0.0,1289.07,0.0,0.0,0.2,6.0
2020-08-19,1988.0,0.0,0.0,0.0,0.0,0.2,6.0
2020-08-20,3181.0,0.0,0.0,0.0,0.0,0.2,6.0
2020-08-21,3181.0,0.0,0.0,0.0,2188.13,0.2,6.0
2020-08-22,3181.0,1999.82,0.0,0.0,1671.47,0.2,6.0
2020-08-26,3181.0,0.0,1564.65,0.0,0.0,0.2,6.0
2020-08-27,1748.0,1899.73,0.0,0.0,0.0,0.2,6.0
2020-08-29,1748.0,0.0,0.0,0.0,1342.22,0.2,6.0
2020-08-30,1748.0,0.0,0.0,935.42,0.0,0.2,6.0
2020-08-31,1748.0,0.0,0.0,0.0,343.9,0.2,6.0
2020-09-01,1748.0,0.0,1557.81,0.0,0.0,0.2,6.0
2020-09-05,1385.0,0.0,0.0,0.0,1155.84,0.2,6.0
2020-09-06,1385.0,0.0,0.0,0.0,799.34,0.2,6.0
2020-09-07,1385.0,0.0,1188.27,0.0,0.0,0.2,6.0
2020-09-08,1385.0,0.0,0.0,212.78,0.0,0.2,6.0
2020-09-11,1385.0,700.94,1594.49,0.0,147.22,0.2,6.0
2020-09-16,1385.0,1700.66,0.0,0.0,0.0,0.2,6.0
2020-09-17,1385.0,0.0,872.71,0.0,1417.54,0.2,6.0
2020-09-18,1385.0,0.0,0.0,0.0,2170.77,0.2,6.0
2020-09-22,1385.0,0.0,565.07,0.0,1795.3899999999999,0.2,6.0
2020-09-23,1385.0,0.0,980.22,0.0,67.11,0.2,6.0
2020-09-25,1385.0,0.0,0.0,0.0,687.27,0.2,6.0
2020-09-27,1385.0,0.0,0.0,180.37,2230.8199999999997,0.2,6.0
2020-09-29,1385.0,0.0,0.0,0.0,1295.35,0.2,6.0
2020-09-30,1385.0,195.18,0.0,0.0,0.0,0.2,6.0
2020-10-01,1385.0,0.0,0.0,619.35,0.0,0.2,6.0
2020-10-03,1385.0,0.0,0.0,0.0,1111.41,0.2,6.0
2020-10-04,1385.0,0.0,0.0,0.0,710.1,0.2,6.0
2020-10-07,5153.0,0.0,0.0,0.0,510.29,0.2,6.0
2020-10-08,5153.0,0.0,0.0,0.0,2521.45,0.2,6.0
2020-10-10,5821.0,0.0,0.0,0.0,462.69,0.2,6.0
2020-10-12,5821.0,0.0,1279.36,0.0,0.0,0.2,6.0
2020-10-14,5821.0,0.0,1746.71,0.0,0.0,0.2,6.0
2020-10-15,5821.0,0.0,0.0,0.0,962.64,0.2,6.0
2020-10-16,5821.0,512.43,2804.2799999999997,0.0,0.0,0.2,6.0
2020-10-18,5821.0,0.0,306.9,0.0,0.0,0.2,6.0
2020-10-19,5821.0,0.0,0.0,0.0,179.51,0.2,6.0
2020-10-23,5821.0,0.0,0.0,0.0,1216.57,0.2,6.0
2020-10-24,5821.0,0.0,0.0,1553.63,0.0,0.2,6.0
2020-10-26,5821.0,0.0,0.0,0.0,601.73,0.2,6.0
2020-10-27,5821.0,0.0,1895.7,536.65,617.71,0.2,6.0
2020-10-28,1923.0,0.0,0.0,0.0,0.0,0.2,6.0
2020-10-29,1923.0,0.0,15.32,0.0,0.0,0.2,6.0
2020-10-30,1923.0,0.0,0.0,0.0,589.61,0.2,6.0
2020-10-31,1923.0,0.0,0.0,0.0,1408.95,0.2,6.0
2020-11-01,1923.0,0.0,0.0,2704.6099999999997,0.0,0.2,6.0
2020-11-02,1923.0,0.0,1817.74,0.0,0.0,0.2,6.0
2020-11-04,1923.0,0.0,128.68,0.0,0.0,0.2,6.0
2020-11-06,1923.0,0.0,0.0,0.0,883.92,0.2,6.0
2020-11-07,1923.0,0.0,0.0,0.0,1402.47,0.2,6.0
2020-11-09,1923.0,0.0,0.0,0.0,881.14,0.2,6.0
2020-11-10,1923.0,191.74,0.0,0.0,1471.72,0.2,6.0
2020-11-12,1923.0,1999.15,0.0,0.0,1156.73,0.2,6.0
2020-11-14,1923.0,0.0,946.3,0.0,2982.86,0.2,6.0
2020-11-15,1923.0,0.0,666.31,0.0,1328.54,0.2,6.0
2020-11-16,1923.0,915.1,0.0,0.0,240.68,0.2,6.0
2020-11-17,1923.0,1318.74,0.0,0.0,0.0,0.2,6.0
2020-11-20,1923.0,0.0,0.0,0.0,117.87,0.2,6.0
2020-11-22,1923.0,0.0,0.0,0.0,1254.56,0.2,6.0
2020-11-23,1923.0,0.0,0.0,541.44,0.0,0.2,6.0
2020-11-25,4089.0,0.0,0.0,0.0,251.64,0.2,6.0
2020-11-26,4089.0,0.0,0.0,1422.47,0.0,0.2,6.0
2020-11-27,4280.0,1108.98,0.0,0.0,0.0,0.2,6.0
2020-11-29,4280.0,0.0,1001.77,0.0,0.0,0.2,6.0
2020-12-01,4280.0,0.0,0.0,0.0,836.83,0.2,6.0
2020-12-05,4280.0,0.0,0.0,0.0,884.3299999999999,0.2,6.0
2020-12-06,4280.0,0.0,1729.41,0.0,0.0,0.2,6.0
2020-12-10,4280.0,0.0,0.0,0.0,2329.2400000000002,0.2,6.0
2020-12-11,4280.0,0.0,0.0,0.0,1676.58,0.2,6.0
2020-12-12,4280.0,0.0,0.0,0.0,1731.87,0.2,6.0
2020-12-13,4280.0,0.0,0.0,0.0,696.8,0.2,6.0
2020-12-14,4280.0,0.0,0.0,1961.74,916.14,0.2,6.0
2020-12-16,4280.0,643.17,0.0,0.0,1253.09,0.2,6.0
2020-12-18,1322.0,0.0,995.7,0.0,0.0,0.2,6.0
2020-12-20,1322.0,1447.66,0.0,0.0,208.43,0.2,6.0
2020-12-22,1322.0,0.0,158.91,0.0,0.0,0.2,6.0
2020-12-23,1322.0,0.0,1705.01,0.0,683.74,0.2,6.0
2020-12-24,1322.0,0.0,0.0,0.0,1908.74,0.2,6.0
2020-12-25,1322.0,0.0,0.0,0.0,1746.04,0.2,6.0
2020-12-26,2423.0,0.0,0.0,0.0,0.0,0.2,6.0
2020-12-28,2423.0,0.0,0.0,0.0,1994.88,0.2,6.0
2020-12-30,2423.0,0.0,0.0,0.0,1956.89,0.2,6.0
2020-12-31,2423.0,0.0,892.92,0.0,0.0,0.2,6.0
2021-01-01,2423.0,101.52,0.0,0.0,0.0,0.2,6.0
2021-01-06,2423.0,0.0,0.0,1067.02,723.34,0.2,6.0
2021-01-08,2423.0,0.0,348.27,0.0,0.0,0.2,6.0
2021-01-10,2472.0,0.0,472.06,0.0,0.0,0.2,6.0
2021-01-11,2472.0,0.0,0.0,0.0,518.1,0.2,6.0
2021-01-12,2856.0,0.0,0.0,0.0,0.0,0.2,6.0
2021-01-13,2856.0,0.0,156.99,0.0,1281.49,0.2,6.0
2021-01-14,2856.0,0.0,0.0,0.0,2627.2400000000002,0.2,6.0
2021-01-15,3440.0,0.0,0.0,0.0,53.66,0.2,6.0
2021-01-17,3440.0,1822.13,0.0,0.0,556.22,0.2,6.0
2021-01-19,3440.0,0.0,0.0,0.0,1553.72,0.2,6.0
2021-01-20,3440.0,0.0,0.0,0.0,445.82,0.2,6.0
2021-01-24,1620.0,0.0,0.0,0.0,0.0,0.2,6.0
2021-01-26,1620.0,624.78,0.0,0.0,0.0,0.2,6.0
2021-01-27,3176.0,0.0,409.58,0.0,2533.8,0.2,6.0
2021-01-29,3176.0,0.0,521.37,0.0,0.0,0.2,6.0
2021-02-02,3176.0,0.0,0.0,0.0,1935.09,0.2,6.0
2021-02-05,3176.0,0.0,290.11,0.0,1610.42,0.2,6.0
2021-02-08,3176.0,0.0,0.0,0.0,2124.5699999999997,0.2,6.0
2021-02-09,3176.0,0.0,0.0,0.0,2251.05,0.2,6.0
2021-02-11,3176.0,1242.9,0.0,0.0,225.61,0.2,6.0
2021-02-13,3176.0,0.0,0.0,0.0,1831.36,0.2,6.0
2021-02-16,3176.0,0.0,1274.45,0.0,0.0,0.2,6.0
2021-02-18,3176.0,0.0,0.0,0.0,1301.99,0.2,6.0
2021-02-19,804.0,0.0,0.0,0.0,0.0,0.2,6.0
2021-02-20,804.0,0.0,0.0,0.0,241.08,0.2,6.0
2021-02-21,804.0,0.0,783.41,0.0,0.0,0.2,6.0
2021-02-23,804.0,0.0,0.0,0.0,1178.81,0.2,6.0
2021-02-24,804.0,0.0,0.0,0.0,1313.29,0.2,6.0
2021-02-27,804.0,0.0,0.0,0.0,1878.72,0.2,6.0
2021-02-28,804.0,0.0,0.0,0.0,442.37,0.2,6.0
2021-03-02,4960.0,0.0,0.0,1712.35,130.49,0.2,6.0
2021-03-04,4960.0,0.0,1898.53,0.0,0.0,0.2,6.0
2021-03-05,4960.0,110.65,1328.91,0.0,0.0,0.2,6.0
2021-03-07,4960.0,0.0,1576.09,1176.9,0.0,0.2,6.0
2021-03-08,4960.0,0.0,0.0,663.83,0.0,0.2,6.0
2021-03-09,2771.0,0.0,1975.18,0.0,0.0,0.2,6.0
2021-03-10,2771.0,0.0,228.75,0.0,0.0,0.2,6.0
2021-03-12,2771.0,0.0,39.57,0.0,0.0,0.2,6.0
2021-03-15,929.0,0.0,0.0,1181.82,0.0,0.2,6.0
2021-03-16,9210.0,0.0,0.0,0.0,0.0,0.2,6.0
2021-03-17,855.0,0.0,0.0,0.0,1031.34,0.2,6.0
2021-03-18,855.0,0.0,0.0,0.0,921.5,0.2,6.0
2021-03-19,855.0,1997.19,0.0,0.0,0.0,0.2,6.0
2021-03-20,855.0,0.0,0.0,0.0,1375.33,0.2,6.0
2021-03-21,855.0,0.0,0.0,0.0,156.25,0.2,6.0
2021-03-22,4658.0,0.0,0.0,0.0,912.89,0.2,6.0
2021-03-23,4023.0,0.0,1588.26,0.0,0.0,0.2,6.0
2021-03-24,4023.0,0.0,0.0,833.49,0.0,0.2,6.0
2021-03-25,4023.0,0.0,0.0,0.0,837.82,0.2,6.0
2021-03-26,3060.0,0.0,0.0,0.0,0.0,0.2,6.0
2021-03-27,3060.0,0.0,0.0,0.0,1907.65,0.2,6.0
2021-03-28,3060.0,0.0,0.0,0.0,143.6,0.2,6.0
2021-03-29,3060.0,0.0,869.43,0.0,0.0,0.2,6.0
2021-03-30,3060.0,0.0,0.0,0.0,1625.42,0.2,6.0
2021-04-01,3060.0,0.0,0.0,0.0,1343.33,0.2,6.0
2021-04-02,3060.0,0.0,0.0,0.0,1737.5,0.2,6.0
2021-04-03,3060.0,0.0,706.73,317.91,1204.82,0.2,6.0
2021-04-08,3060.0,0.0,1527.59,0.0,1691.86,0.2,6.0
2021-04-09,3060.0,1221.9,0.0,0.0,0.0,0.2,6.0
2021-04-11,3060.0,0.0,0.0,0.0,1911.48,0.2,6.0
2021-04-12,3060.0,0.0,1741.03,0.0,0.0,0.2,6.0
2021-04-13,3060.0,0.0,0.0,0.0,148.47,0.2,6.0
2021-04-18,3060.0,192.6,0.0,0.0,0.0,0.2,6.0
2021-04-19,1168.0,0.0,1767.85,0.0,1475.63,0.2,6.0
2021-04-21,1168.0,0.0,0.0,0.0,976.47,0.2,6.0
2021-04-23,1168.0,0.0,0.0,0.0,1304.51,0.2,6.0
2021-04-24,1168.0,0.0,0.0,0.0,1058.6,0.2,6.0
2021-04-27,1168.0,416.8,1530.68,796.57,0.0,0.2,6.0
2021-04-30,1168.0,0.0,25.38,0.0,0.0,0.2,6.0
2021-05-02,1168.0,0.0,267.08,0.0,0.0,0.2,6.0
2021-05-04,1168.0,0.0,0.0,1005.52,153.43,0.2,6.0
2021-05-06,1168.0,878.08,0.0,0.0,0.0,0.2,6.0
2021-05-07,1168.0,0.0,2541.6099999999997,0.0,1421.9,0.2,6.0
2021-05-10,1168.0,0.0,1604.63,0.0,0.0,0.2,6.0
2021-05-11,1168.0,0.0,0.0,877.0,185.38,0.2,6.0
2021-05-12,1168.0,0.0,797.58,0.0,0.0,0.2,6.0
2021-05-14,1168.0,0.0,1025.86,0.0,450.93,0.2,6.0
2021-05-15,3362.0,0.0,0.0,0.0,0.0,0.2,6.0
2021-05-17,3362.0,0.0,480.18,0.0,0.0,0.2,6.0
2021-05-19,1921.0,0.0,0.0,0.0,0.0,0.2,6.0
2021-05-22,1921.0,0.0,362.52,0.0,0.0,0.2,6.0
2021-05-23,1921.0,0.0,0.0,0.0,933.27,0.2,6.0
2021-05-24,1921.0,0.0,885.13,0.0,3095.31,0.2,6.0
2021-05-25,1921.0,0.0,0.0,0.0,2614.3,0.2,6.0
2021-05-27,1921.0,0.0,0.0,0.0,247.53,0.2,6.0
2021-05-29,1921.0,0.0,1233.87,0.0,0.0,0.2,6.0
2021-05-30,1921.0,0.0,0.0,0.0,1164.86,0.2,6.0
2021-05-31,1921.0,904.97,0.0,649.84,0.0,0.2,6.0
2021-06-02,1921.0,0.0,1915.87,0.0,1964.95,0.2,6.0
2021-06-03,820.0,0.0,0.0,0.0,0.0,0.2,6.0
2021-06-06,820.0,0.0,734.16,0.0,2805.51,0.2,6.0
2021-06-09,820.0,1580.56,0.0,0.0,0.0,0.2,6.0
2021-06-11,820.0,0.0,666.08,0.0,575.45,0.2,6.0
2021-06-14,820.0,0.0,673.39,0.0,0.0,0.2,6.0
2021-06-15,820.0,0.0,1834.33,0.0,0.0,0.2,6.0
2021-06-16,820.0,0.0,0.0,0.0,266.61,0.2,6.0
2021-06-20,820.0,0.0,626.07,0.0,1628.24,0.2,6.0
2021-06-22,820.0,0.0,1295.59,0.0,0.0,0.2,6.0
2021-06-23,820.0,0.0,0.0,0.0,46.28,0.2,6.0
2021-06-24,820.0,0.0,0.0,690.05,0.0,0.2,6.0
2021-06-26,820.0,0.0,0.0,460.82,0.0,0.2,6.0
2021-06-27,2923.0,0.0,0.0,0.0,0.0,0.2,6.0
2021-06-28,1856.0,1327.24,2218.8199999999997,0.0,0.0,0.2,6.0
2021-06-29,1856.0,827.61,0.0,0.0,0.0,0.2,6.0
2021-07-04,1856.0,0.0,0.0,1939.48,2284.58,0.2,6.0
2021-07-06,4282.0,0.0,0.0,0.0,0.0,0.2,6.0
2021-07-07,4282.0,0.0,0.0,0.0,1010.78,0.2,6.0
2021-07-09,4282.0,0.0,3382.88,0.0,0.0,0.2,6.0
2021-07-10,3540.0,0.0,1425.69,0.0,0.0,0.2,6.0
2021-07-11,3540.0,0.0,577.28,0.0,1096.6599999999999,0.2,6.0
2021-07-12,3540.0,0.0,0.0,0.0,1770.41,0.2,6.0
2021-07-13,3540.0,0.0,0.0,0.0,115.98,0.2,6.0
2021-07-14,3540.0,0.0,0.0,778.47,0.0,0.2,6.0
2021-07-15,730.0,0.0,0.0,0.0,0.0,0.2,6.0
2021-07-19,730.0,0.0,1963.78,0.0,0.0,0.2,6.0
2021-07-23,4174.0,0.0,0.0,0.0,1395.18,0.2,6.0
2021-07-24,4174.0,0.0,47.82,0.0,0.0,0.2,6.0
2021-07-28,4174.0,0.0,1102.12,0.0,0.0,0.2,6.0
2021-07-29,4174.0,0.0,0.0,0.0,231.26,0.2,6.0
2021-08-02,4174.0,0.0,0.0,0.0,252.48,0.2,6.0
2021-08-06,4174.0,0.0,0.0,0.0,134.99,0.2,6.0
2021-08-07,1676.0,0.0,0.0,0.0,1197.51,0.2,6.0
2021-08-08,1676.0,1233.47,0.0,0.0,0.0,0.2,6.0
2021-08-09,1676.0,0.0,0.0,0.0,382.75,0.2,6.0
2021-08-11,1676.0,0.0,0.0,0.0,144.68,0.2,6.0
2021-08-13,1676.0,787.0,0.0,0.0,1962.27,0.2,6.0
2021-08-15,1676.0,720.62,0.0,0.0,0.0,0.2,6.0
2021-08-16,1349.0,0.0,0.0,0.0,0.0,0.2,6.0
2021-08-18,1349.0,0.0,0.0,0.0,275.49,0.2,6.0
2021-08-20,1349.0,0.0,0.0,0.0,1628.88,0.2,6.0
2021-08-21,4420.0,0.0,135.57,0.0,0.0,0.2,6.0
2021-08-22,4420.0,0.0,0.0,0.0,83.6,0.2,6.0
2021-08-23,4420.0,0.0,0.0,1772.72,0.0,0.2,6.0
2021-08-24,4420.0,0.0,0.0,0.0,1035.61,0.2,6.0
2021-08-25,4420.0,0.0,0.0,0.0,514.09,0.2,6.0
2021-08-27,4420.0,0.0,0.0,579.36,0.0,0.2,6.0
2021-08-29,4420.0,1732.94,0.0,0.0,0.0,0.2,6.0
2021-09-05,4420.0,0.0,1600.69,0.0,0.0,0.2,6.0
2021-09-06,4420.0,0.0,0.0,0.0,1489.18,0.2,6.0
2021-09-09,3509.0,0.0,0.0,0.0,2288.96,0.2,6.0
2021-09-10,3509.0,0.0,866.91,0.0,0.0,0.2,6.0
2021-09-11,3509.0,0.0,1758.05,0.0,1918.8000000000002,0.2,6.0
2021-09-15,4063.0,0.0,0.0,0.0,0.0,0.2,6.0
2021-09-16,4063.0,159.33,0.0,0.0,1031.04,0.2,6.0
2021-09-17,785.0,0.0,1906.05,0.0,0.0,0.2,6.0
2021-09-19,3500.0,1214.14,1063.63,0.0,750.31,0.2,6.0
2021-09-20,3500.0,0.0,0.0,0.0,506.73,0.2,6.0
2021-09-21,4588.0,0.0,0.0,0.0,0.0,0.2,6.0
2021-09-28,4588.0,0.0,530.94,0.0,0.0,0.2,6.0
2021-10-01,4588.0,0.0,0.0,0.0,437.0,0.2,6.0
2021-10-07,4588.0,0.0,0.0,0.0,408.35,0.2,6.0
2021-10-08,4203.0,0.0,0.0,0.0,0.0,0.2,6.0
2021-10-13,1219.0,0.0,0.0,0.0,3122.75,0.2,6.0
2021-10-16,1219.0,0.0,1589.46,0.0,0.0,0.2,6.0
2021-10-20,1219.0,0.0,1970.41,0.0,0.0,0.2,6.0
2021-10-21,1219.0,0.0,0.0,1582.84,0.0,0.2,6.0
2021-10-22,4328.0,0.0,0.0,0.0,0.0,0.2,6.0
2021-10-24,3761.0,0.0,1227.78,0.0,0.0,0.2,6.0
2021-10-27,3761.0,0.0,259.4,0.0,1056.13,0.2,6.0
2021-10-30,3761.0,0.0,905.45,0.0,0.0,0.2,6.0
2021-11-03,3761.0,0.0,0.0,0.0,265.39,0.2,6.0
2021-11-04,3761.0,0.0,1537.89,0.0,0.0,0.2,6.0
2021-11-05,1517.0,0.0,0.0,0.0,337.67,0.2,6.0
2021-11-06,1517.0,0.0,0.0,698.59,0.0,0.2,6.0
2021-11-07,1517.0,0.0,0.0,0.0,1693.41,0.2,6.0
2021-11-10,1517.0,0.0,0.0,0.0,259.09,0.2,6.0
2021-11-15,1517.0,0.0,1010.12,0.0,0.0,0.2,6.0
2021-11-16,1902.0,0.0,0.0,0.0,0.0,0.2,6.0
2021-11-17,1902.0,0.0,0.0,0.0,1686.63,0.2,6.0
2021-11-18,1902.0,171.63,0.0,0.0,1305.75,0.2,6.0
2021-11-19,1902.0,0.0,0.0,0.0,1240.04,0.2,6.0
2021-11-21,4768.0,0.0,0.0,0.0,601.89,0.2,6.0
2021-11-23,4768.0,0.0,0.0,0.0,934.24,0.2,6.0
2021-11-26,4768.0,0.0,632.04,0.0,0.0,0.2,6.0
2021-11-27,4768.0,0.0,0.0,0.0,1950.99,0.2,6.0
2021-11-28,4718.0,0.0,0.0,0.0,0.0,0.2,6.0
2021-12-01,4718.0,0.0,0.0,0.0,491.06,0.2,6.0
2021-12-02,2530.0,0.0,0.0,0.0,0.0,0.2,6.0
2021-12-03,2877.0,0.0,0.0,0.0,504.06,0.2,6.0
2021-12-08,2877.0,0.0,1628.82,0.0,0.0,0.2,6.0
2021-12-09,4585.0,0.0,0.0,0.0,387.77,0.2,6.0
2021-12-11,4585.0,0.0,0.0,0.0,56.12,0.2,6.0
2021-12-12,4585.0,0.0,0.0,0.0,1933.71,0.2,6.0
2021-12-13,4585.0,0.0,0.0,0.0,685.47,0.2,6.0
2021-12-15,7526.0,0.0,0.0,0.0,0.0,0.2,6.0
2021-12-16,7526.0,0.0,0.0,0.0,100.03,0.2,6.0
2021-12-19,3469.0,0.0,0.0,0.0,0.0,0.2,6.0
2021-12-20,3469.0,0.0,778.83,0.0,1652.37,0.2,6.0
2021-12-23,3469.0,0.0,266.04,0.0,0.0,0.2,6.0
2021-12-24,3277.0,0.0,0.0,0.0,0.0,0.2,6.0
2021-12-26,3277.0,0.0,0.0,0.0,1512.38,0.2,6.0
2021-12-28,4596.0,0.0,0.0,0.0,0.0,0.2,6.0
2021-12-31,1622.0,0.0,0.0,0.0,0.0,0.2,6.0
2022-01-01,1622.0,0.0,0.0,0.0,1043.47,0.2,6.0
2022-01-03,3186.0,0.0,0.0,0.0,1524.8899999999999,0.2,6.0
2022-01-04,3186.0,0.0,0.0,0.0,1420.39,0.2,6.0
2022-01-05,3186.0,743.03,0.0,0.0,0.0,0.2,6.0
2022-01-06,3186.0,0.0,0.0,0.0,1171.57,0.2,6.0
2022-01-08,3186.0,1197.85,0.0,0.0,0.0,0.2,6.0
2022-01-09,3186.0,0.0,0.0,1445.59,0.0,0.2,6.0
2022-01-13,3186.0,0.0,1053.22,0.0,304.07,0.2,6.0
2022-01-14,3186.0,1149.41,0.0,0.0,0.0,0.2,6.0
2022-01-16,3186.0,0.0,831.79,47.69,0.0,0.2,6.0
2022-01-18,3186.0,1414.49,0.0,0.0,1746.91,0.2,6.0
2022-01-21,3186.0,0.0,0.0,0.0,2630.63,0.2,6.0
2022-01-22,4975.0,0.0,0.0,0.0,0.0,0.2,6.0
2022-01-23,4975.0,0.0,0.0,0.0,1224.05,0.2,6.0
2022-01-24,2785.0,0.0,0.0,0.0,0.0,0.2,6.0
2022-01-28,2785.0,0.0,0.0,1883.56,0.0,0.2,6.0
2022-02-01,2785.0,0.0,0.0,0.0,1412.75,0.2,6.0
2022-02-02,2785.0,0.0,0.0,0.0,640.91,0.2,6.0
2022-02-05,2785.0,0.0,0.0,0.0,2375.26,0.2,6.0
2022-02-06,2785.0,0.0,0.0,0.0,1909.67,0.2,6.0
2022-02-08,2785.0,0.0,699.26,0.0,93.71,0.2,6.0
2022-02-09,2785.0,0.0,0.0,0.0,1497.2,0.2,6.0
2022-02-10,2785.0,0.0,227.36,1772.0,1866.72,0.2,6.0
2022-02-11,3205.0,0.0,0.0,0.0,0.0,0.2,6.0
2022-02-14,3205.0,0.0,1365.57,0.0,0.0,0.2,6.0
2022-02-17,6964.0,1816.79,0.0,0.0,960.12,0.2,6.0
2022-02-18,4883.0,0.0,0.0,0.0,0.0,0.2,6.0
2022-02-21,4883.0,1827.33,0.0,0.0,0.0,0.2,6.0
2022-02-22,797.0,0.0,0.0,0.0,1578.04,0.2,6.0
2022-02-25,806.0,0.0,0.0,0.0,0.0,0.2,6.0
2022-02-27,3244.0,0.0,0.0,0.0,0.0,0.2,6.0
2022-03-01,3244.0,0.0,0.0,0.0,1779.63,0.2,6.0
2022-03-02,2735.0,0.0,0.0,0.0,0.0,0.2,6.0
2022-03-04,3208.0,0.0,0.0,0.0,0.0,0.2,6.0
2022-03-05,2607.0,0.0,0.0,0.0,0.0,0.2,6.0
2022-03-07,2607.0,1475.87,0.0,359.23,0.0,0.2,6.0
2022-03-12,2607.0,0.0,0.0,0.0,1655.71,0.2,6.0
2022-03-14,2607.0,0.0,807.66,0.0,0.0,0.2,6.0
2022-03-17,4411.0,0.0,0.0,23.59,0.0,0.2,6.0
2022-03-18,4411.0,0.0,0.0,0.0,3989.91,0.2,6.0
2022-03-20,4411.0,1338.89,816.78,0.0,0.0,0.2,6.0
2022-03-22,4411.0,0.0,0.0,0.0,1383.68,0.2,6.0
2022-03-23,4411.0,0.0,961.58,0.0,741.41,0.2,6.0
2022-03-24,4411.0,0.0,0.0,0.0,837.53,0.2,6.0
2022-03-25,4411.0,0.0,0.0,0.0,1517.13,0.2,6.0
2022-03-26,4411.0,0.0,0.0,1526.1,0.0,0.2,6.0
2022-03-27,4411.0,0.0,1055.76,0.0,0.0,0.2,6.0
2022-03-28,4762.0,1659.26,0.0,1149.68,165.42,0.2,6.0
2022-03-29,4762.0,0.0,0.0,1436.67,1619.3,0.2,6.0
2022-03-31,3024.0,0.0,0.0,0.0,1435.4,0.2,6.0
2022-04-01,2879.0,1869.82,0.0,0.0,0.0,0.2,6.0
2022-04-02,2879.0,0.0,1540.25,0.0,755.18,0.2,6.0
2022-04-03,2879.0,0.0,0.0,0.0,1910.24,0.2,6.0
2022-04-04,2879.0,0.0,1310.53,0.0,0.0,0.2,6.0
2022-04-05,2879.0,0.0,1985.77,0.0,0.0,0.2,6.0
2022-04-08,2879.0,0.0,1458.44,0.0,0.0,0.2,6.0
2022-04-09,2879.0,1514.8,0.0,0.0,1350.26,0.2,6.0
2022-04-10,2879.0,0.0,0.0,0.0,1967.18,0.2,6.0
2022-04-16,763.0,0.0,0.0,0.0,0.0,0.2,6.0
2022-04-18,763.0,488.93,0.0,0.0,1233.7,0.2,6.0
2022-04-21,4157.0,0.0,0.0,0.0,0.0,0.2,6.0
2022-04-22,2419.0,497.02,0.0,0.0,0.0,0.2,6.0
2022-04-24,2419.0,288.87,0.0,1633.41,0.0,0.2,6.0
2022-04-29,2419.0,0.0,0.0,0.0,1159.17,0.2,6.0
2022-04-30,2419.0,0.0,0.0,0.0,481.44,0.2,6.0
2022-05-02,2419.0,0.0,1255.73,832.98,0.0,0.2,6.0
2022-05-03,2419.0,0.0,0.0,0.0,103.3,0.2,6.0
2022-05-05,2419.0,0.0,0.0,0.0,2396.19,0.2,6.0
2022-05-06,2419.0,0.0,1511.29,0.0,0.0,0.2,6.0
2022-05-07,2419.0,0.0,0.0,608.47,2949.33,0.2,6.0
2022-05-08,2588.0,0.0,1845.23,0.0,0.0,0.2,6.0
2022-05-09,2588.0,544.24,1075.91,0.0,0.0,0.2,6.0
2022-05-11,2588.0,1748.5,0.0,0.0,0.0,0.2,6.0
2022-05-13,4427.0,0.0,0.0,0.0,613.34,0.2,6.0
2022-05-14,4427.0,0.0,0.0,1874.95,0.0,0.2,6.0
2022-05-19,4427.0,0.0,1496.29,1394.3,0.0,0.2,6.0
2022-05-20,4427.0,0.0,0.0,0.0,2598.62,0.2,6.0
2022-05-22,4427.0,0.0,0.0,0.0,623.76,0.2,6.0
2022-05-23,4427.0,0.0,0.0,0.0,937.35,0.2,6.0
2022-05-24,4427.0,0.0,0.0,747.7,1525.64,0.2,6.0
2022-05-25,4427.0,0.0,0.0,1485.09,0.0,0.2,6.0
2022-05-27,2918.0,0.0,0.0,0.0,0.0,0.2,6.0
2022-05-28,2384.0,0.0,0.0,0.0,0.0,0.2,6.0
2022-05-29,2384.0,0.0,0.0,1003.61,522.08,0.2,6.0
2022-05-30,2384.0,0.0,0.0,0.0,1273.8899999999999,0.2,6.0
2022-05-31,2384.0,0.0,0.0,0.0,376.26,0.2,6.0
2022-06-01,2384.0,1052.65,1890.92,0.0,0.0,0.2,6.0
2022-06-04,2384.0,830.66,0.0,145.26,0.0,0.2,6.0
2022-06-06,4642.0,0.0,0.0,0.0,0.0,0.2,6.0
2022-06-07,4642.0,1239.49,0.0,0.0,1321.98,0.2,6.0
2022-06-11,5485.0,0.0,0.0,0.0,0.0,0.2,6.0
2022-06-12,5485.0,1009.41,1836.92,0.0,1614.27,0.2,6.0
2022-06-13,5485.0,0.0,0.0,391.94,0.0,0.2,6.0
2022-06-17,5485.0,0.0,0.0,0.0,2460.98,0.2,6.0
2022-06-18,5485.0,0.0,0.0,1980.56,0.0,0.2,6.0
2022-06-19,5485.0,0.0,1310.93,0.0,0.0,0.2,6.0
2022-06-20,5485.0,196.07,0.0,0.0,0.0,0.2,6.0
2022-06-21,1177.0,0.0,0.0,0.0,121.67,0.2,6.0
2022-06-23,1177.0,0.0,1790.63,0.0,1293.37,0.2,6.0
2022-06-25,1177.0,0.0,0.0,430.72,549.48,0.2,6.0
2022-06-26,1177.0,366.92,0.0,0.0,1799.63,0.2,6.0
2022-06-30,1177.0,1923.32,0.0,0.0,0.0,0.2,6.0
2022-07-01,1177.0,0.0,0.0,0.0,1858.46,0.2,6.0
2022-07-02,1177.0,0.0,0.0,1137.72,0.0,0.2,6.0
2022-07-04,1177.0,204.39,1006.58,0.0,773.85,0.2,6.0
2022-07-05,1177.0,0.0,687.78,0.0,0.0,0.2,6.0
2022-07-06,1177.0,0.0,0.0,0.0,1938.15,0.2,6.0
2022-07-13,1177.0,0.0,0.0,0.0,1569.26,0.2,6.0
2022-07-17,1177.0,0.0,0.0,718.06,560.15,0.2,6.0
2022-07-18,3612.0,0.0,0.0,1429.09,0.0,0.2,6.0
2022-07-19,3612.0,0.0,1481.91,0.0,0.0,0.2,6.0
2022-07-20,3612.0,0.0,192.13,0.0,0.0,0.2,6.0
2022-07-22,3612.0,0.0,0.0,0.0,726.24,0.2,6.0
2022-07-25,3612.0,0.0,183.72,0.0,0.0,0.2,6.0
2022-07-27,3157.0,590.78,1452.44,0.0,215.55,0.2,6.0
2022-07-28,1888.0,0.0,0.0,1148.2,0.0,0.2,6.0
2022-07-29,2698.0,0.0,0.0,0.0,0.0,0.2,6.0
2022-07-30,2698.0,0.0,342.74,0.0,0.0,0.2,6.0
2022-07-31,2698.0,0.0,0.0,0.0,973.62,0.2,6.0
2022-08-02,2520.0,0.0,0.0,0.0,1191.67,0.2,6.0
2022-08-03,1609.0,0.0,0.0,0.0,0.0,0.2,6.0
2022-08-04,1609.0,0.0,0.0,0.0,671.11,0.2,6.0
2022-08-06,1609.0,0.0,0.0,0.0,886.04,0.2,6.0
2022-08-07,1609.0,0.0,607.87,0.0,0.0,0.2,6.0
2022-08-12,1609.0,0.0,0.0,963.23,0.0,0.2,6.0
2022-08-13,3114.0,0.0,0.0,0.0,0.0,0.2,6.0
2022-08-15,3114.0,0.0,0.0,0.0,2694.2,0.2,6.0
2022-08-16,3114.0,0.0,0.0,1188.53,736.38,0.2,6.0
2022-08-17,3114.0,1906.48,0.0,0.0,0.0,0.2,6.0
2022-08-18,3114.0,0.0,0.0,882.53,0.0,0.2,6.0
2022-08-19,3114.0,0.0,1639.74,0.0,0.0,0.2,6.0
2022-08-21,2482.0,0.0,0.0,0.0,1349.23,0.2,6.0
2022-08-22,2482.0,0.0,2336.96,0.0,0.0,0.2,6.0
2022-08-23,2482.0,0.0,0.0,0.0,1073.39,0.2,6.0
2022-08-24,2482.0,0.0,0.0,0.0,1091.85,0.2,6.0
2022-08-26,2482.0,0.0,227.65,0.0,1406.25,0.2,6.0
2022-08-28,2482.0,0.0,0.0,0.0,341.01,0.2,6.0
2022-08-29,2482.0,0.0,0.0,0.0,1933.95,0.2,6.0
2022-08-30,2482.0,0.0,0.0,0.0,220.83,0.2,6.0
2022-08-31,4683.0,0.0,0.0,897.1,0.0,0.2,6.0
2022-09-01,4683.0,0.0,696.49,0.0,0.0,0.2,6.0
2022-09-02,2920.0,0.0,0.0,0.0,0.0,0.2,6.0
2022-09-03,2920.0,0.0,944.15,1047.02,0.0,0.2,6.0
2022-09-04,2920.0,0.0,881.95,0.0,143.68,0.2,6.0
2022-09-05,685.0,0.0,0.0,0.0,0.0,0.2,6.0
2022-09-06,685.0,0.0,1357.51,0.0,0.0,0.2,6.0
2022-09-07,4727.0,0.0,0.0,0.0,0.0,0.2,6.0
2022-09-08,3211.0,0.0,0.0,0.0,0.0,0.2,6.0
2022-09-10,3211.0,0.0,0.0,0.0,471.39,0.2,6.0
2022-09-11,3211.0,0.0,380.91,0.0,68.09,0.2,6.0
2022-09-12,3211.0,0.0,0.0,904.65,0.0,0.2,6.0
2022-09-14,3211.0,1412.42,0.0,0.0,0.0,0.2,6.0
2022-09-15,3211.0,0.0,1896.85,0.0,0.0,0.2,6.0
2022-09-17,2649.0,0.0,0.0,0.0,0.0,0.2,6.0
2022-09-18,2649.0,0.0,0.0,0.0,1060.15,0.2,6.0
2022-09-19,2649.0,0.0,0.0,0.0,1936.95,0.2,6.0
2022-09-21,2649.0,0.0,1629.34,0.0,0.0,0.2,6.0
2022-09-23,2649.0,0.0,0.0,0.0,1838.18,0.2,6.0
2022-09-26,2649.0,0.0,1007.5,0.0,0.0,0.2,6.0
2022-09-28,2649.0,0.0,0.0,0.0,842.3,0.2,6.0
2022-09-29,5831.0,0.0,0.0,0.0,0.0,0.2,6.0
2022-09-30,5831.0,0.0,382.33,0.0,0.0,0.2,6.0
2022-10-01,5831.0,1732.39,0.0,0.0,0.0,0.2,6.0
2022-10-02,5831.0,0.0,0.0,0.0,281.7,0.2,6.0
2022-10-03,5831.0,0.0,0.0,0.0,824.18,0.2,6.0
2022-10-04,2306.0,0.0,0.0,0.0,982.51,0.2,6.0
2022-10-05,2306.0,0.0,0.0,0.0,457.44,0.2,6.0
2022-10-08,2306.0,0.0,0.0,0.0,1135.64,0.2,6.0
2022-10-10,2306.0,0.0,0.0,0.0,1103.96,0.2,6.0
2022-10-12,2694.0,0.0,0.0,0.0,1088.67,0.2,6.0
2022-10-13,2694.0,0.0,0.0,0.0,1097.24,0.2,6.0
2022-10-19,2694.0,0.0,1474.62,602.44,0.0,0.2,6.0
2022-10-20,2694.0,0.0,0.0,0.0,533.0,0.2,6.0
2022-10-21,2694.0,0.0,883.75,0.0,0.0,0.2,6.0
2022-10-22,2694.0,0.0,0.0,427.66,0.0,0.2,6.0
2022-10-23,2694.0,0.0,0.0,0.0,1723.49,0.2,6.0
2022-10-25,2694.0,0.0,0.0,0.0,340.3,0.2,6.0
2022-10-28,2195.0,0.0,0.0,0.0,0.0,0.2,6.0
2022-10-30,2195.0,0.0,0.0,0.0,1069.24,0.2,6.0
2022-10-31,2195.0,0.0,654.07,0.0,0.0,0.2,6.0
2022-11-03,2195.0,0.0,0.0,0.0,1149.74,0.2,6.0
2022-11-04,2195.0,0.0,279.82,0.0,0.0,0.2,6.0
2022-11-05,2195.0,0.0,0.0,0.0,1838.35,0.2,6.0
2022-11-07,3138.0,0.0,1405.84,0.0,0.0,0.2,6.0
2022-11-09,3138.0,0.0,0.0,0.0,984.02,0.2,6.0
2022-11-10,3138.0,0.0,0.0,0.0,1259.35,0.2,6.0
2022-11-13,3138.0,0.0,1270.92,0.0,0.0,0.2,6.0
2022-11-14,3138.0,0.0,811.67,0.0,914.84,0.2,6.0
2022-11-15,3138.0,1739.13,0.0,0.0,0.0,0.2,6.0
2022-11-17,3138.0,0.0,1464.55,0.0,1701.71,0.2,6.0
2022-11-18,3138.0,0.0,0.0,0.0,443.48,0.2,6.0
2022-11-19,3138.0,0.0,0.0,994.48,0.0,0.2,6.0
2022-11-21,3138.0,0.0,0.0,0.0,682.13,0.2,6.0
2022-11-22,3138.0,0.0,0.0,0.0,1578.72,0.2,6.0
2022-11-26,3138.0,101.43,0.0,0.0,42.4,0.2,6.0
2022-11-28,2157.0,0.0,888.16,0.0,0.0,0.2,6.0
2022-12-01,2157.0,0.0,1765.47,0.0,0.0,0.2,6.0
2022-12-03,2157.0,0.0,0.0,0.0,195.75,0.2,6.0
2022-12-04,2157.0,0.0,749.97,0.0,0.0,0.2,6.0
2022-12-05,2157.0,0.0,113.06,864.17,0.0,0.2,6.0
2022-12-07,508.0,0.0,0.0,0.0,0.0,0.2,6.0
2022-12-12,508.0,0.0,274.07,0.0,0.0,0.2,6.0
2022-12-13,508.0,0.0,0.0,0.0,28.48,0.2,6.0
2022-12-15,508.0,0.0,1976.43,0.0,0.0,0.2,6.0
2022-12-16,508.0,0.0,960.62,0.0,0.0,0.2,6.0
2022-12-18,508.0,0.0,1464.22,0.0,0.0,0.2,6.0
2022-12-22,3511.0,0.0,0.0,0.0,0.0,0.2,6.0
2022-12-28,3511.0,0.0,771.61,0.0,0.0,0.2,6.0
2022-12-30,3511.0,0.0,1286.74,0.0,0.0,0.2,6.0
2022-12-31,3511.0,0.0,1065.71,0.0,0.0,0.2,6.0
2023-01-03,4105.0,0.0,0.0,0.0,0.0,0.2,6.0
2023-01-04,4124.0,0.0,0.0,1259.88,0.0,0.2,6.0
2023-01-06,4124.0,0.0,1794.22,0.0,0.0,0.2,6.0
2023-01-09,3645.0,0.0,0.0,0.0,0.0,0.2,6.0
2023-01-10,3645.0,0.0,0.0,0.0,635.86,0.2,6.0
2023-01-11,1190.0,0.0,0.0,0.0,0.0,0.2,6.0
2023-01-13,1190.0,0.0,0.0,0.0,1560.15,0.2,6.0
2023-01-15,1190.0,0.0,0.0,0.0,418.84,0.2,6.0
2023-01-16,1190.0,0.0,0.0,1498.21,0.0,0.2,6.0
2023-01-17,1190.0,1569.77,0.0,0.0,0.0,0.2,6.0
2023-01-18,1190.0,0.0,0.0,994.83,0.0,0.2,6.0
2023-01-19,1081.0,1973.9,779.81,0.0,2646.5299999999997,0.2,6.0
2023-01-20,1081.0,1178.85,0.0,0.0,0.0,0.2,6.0
2023-01-21,826.0,0.0,0.0,0.0,1018.16,0.2,6.0
2023-01-22,826.0,0.0,0.0,0.0,852.91,0.2,6.0
2023-01-23,3700.0,0.0,562.16,1948.88,0.0,0.2,6.0
2023-01-24,1450.0,961.52,874.9300000000001,125.23,0.0,0.2,6.0
2023-01-25,1450.0,0.0,0.0,0.0,342.26,0.2,6.0
2023-01-26,1467.0,0.0,0.0,0.0,0.0,0.2,6.0
2023-01-27,1467.0,676.67,533.27,0.0,0.0,0.2,6.0
2023-01-28,1467.0,0.0,997.33,0.0,0.0,0.2,6.0
2023-01-29,1467.0,1004.22,0.0,0.0,323.05,0.2,6.0
2023-01-30,1467.0,0.0,464.52,0.0,0.0,0.2,6.0
2023-01-31,4364.0,1718.79,0.0,0.0,0.0,0.2,6.0
2023-02-01,4364.0,0.0,366.13,0.0,0.0,0.2,6.0
2023-02-02,4364.0,1110.2,0.0,0.0,0.0,0.2,6.0
2023-02-03,4364.0,0.0,0.0,0.0,456.79,0.2,6.0
2023-02-06,4364.0,0.0,0.0,0.0,549.8,0.2,6.0
2023-02-07,1478.0,366.9,0.0,0.0,0.0,0.2,6.0
2023-02-08,2812.0,1908.62,0.0,0.0,0.0,0.2,6.0
2023-02-09,2812.0,0.0,0.0,0.0,661.33,0.2,6.0
2023-02-12,2812.0,744.15,0.0,0.0,0.0,0.2,6.0
2023-02-13,2812.0,0.0,0.0,0.0,1481.76,0.2,6.0
2023-02-15,2812.0,0.0,0.0,0.0,1187.46,0.2,6.0
2023-02-16,2812.0,0.0,0.0,1467.6,0.0,0.2,6.0
2023-02-18,2812.0,0.0,0.0,309.63,0.0,0.2,6.0
2023-02-20,2812.0,2376.14,0.0,0.0,0.0,0.2,6.0
2023-02-22,6958.0,0.0,0.0,0.0,0.0,0.2,6.0
2023-02-24,6958.0,1945.39,0.0,0.0,0.0,0.2,6.0
2023-02-26,6019.0,0.0,0.0,0.0,922.33,0.2,6.0
2023-02-28,6019.0,0.0,1015.8,0.0,0.0,0.2,6.0
2023-03-03,6019.0,0.0,0.0,0.0,1487.17,0.2,6.0
2023-03-05,2638.0,0.0,0.0,0.0,2315.4300000000003,0.2,6.0
2023-03-07,2638.0,0.0,0.0,280.86,0.0,0.2,6.0
2023-03-08,3072.0,0.0,319.27,0.0,2861.68,0.2,6.0
2023-03-10,3072.0,437.89,323.65,0.0,0.0,0.2,6.0
2023-03-12,3072.0,0.0,191.51,0.0,0.0,0.2,6.0
2023-03-13,2631.0,0.0,71.85,0.0,798.53,0.2,6.0
2023-03-15,2631.0,0.0,929.47,0.0,1116.35,0.2,6.0
2023-03-16,1570.0,0.0,251.69,0.0,0.0,0.2,6.0
2023-03-18,3549.0,0.0,1168.82,0.0,0.0,0.2,6.0
2023-03-21,3549.0,0.0,53.38,0.0,0.0,0.2,6.0
2023-03-22,1555.0,0.0,0.0,0.0,0.0,0.2,6.0
2023-03-23,6152.0,0.0,0.0,0.0,0.0,0.2,6.0
2023-03-24,6152.0,0.0,0.0,0.0,1369.59,0.2,6.0
2023-03-27,2033.0,0.0,0.0,0.0,0.0,0.2,6.0
2023-03-29,2033.0,0.0,0.0,0.0,1768.01,0.2,6.0
2023-03-30,2917.0,0.0,0.0,0.0,0.0,0.2,6.0
2023-03-31,2917.0,0.0,844.28,0.0,131.35,0.2,6.0
2023-04-01,2917.0,1978.91,0.0,1265.2,0.0,0.2,6.0
2023-04-04,2917.0,0.0,0.0,0.0,964.57,0.2,6.0
2023-04-07,2917.0,0.0,0.0,0.0,1826.23,0.2,6.0
2023-04-08,2917.0,0.0,0.0,0.0,548.17,0.2,6.0
2023-04-09,740.0,0.0,0.0,0.0,0.0,0.2,6.0
2023-04-10,740.0,0.0,0.0,0.0,1662.62,0.2,6.0
2023-04-13,740.0,0.0,209.27,0.0,0.0,0.2,6.0
2023-04-15,740.0,0.0,0.0,0.0,1072.04,0.2,6.0
2023-04-16,740.0,1530.46,0.0,0.0,0.0,0.2,6.0
2023-04-20,740.0,0.0,360.44,0.0,716.06,0.2,6.0
2023-04-21,740.0,0.0,0.0,0.0,1828.82,0.2,6.0
2023-04-22,1664.0,0.0,0.0,1675.03,0.0,0.2,6.0
2023-04-23,1664.0,0.0,0.0,0.0,1088.83,0.2,6.0
2023-04-24,1239.0,0.0,0.0,0.0,0.0,0.2,6.0
2023-04-25,663.0,0.0,0.0,0.0,0.0,0.2,6.0
2023-05-02,663.0,670.15,688.11,0.0,0.0,0.2,6.0
2023-05-03,987.0,0.0,0.0,0.0,0.0,0.2,6.0
2023-05-05,1408.0,0.0,0.0,0.0,3097.6800000000003,0.2,6.0
2023-05-07,1408.0,0.0,0.0,0.0,281.54,0.2,6.0
2023-05-12,4491.0,0.0,0.0,0.0,0.0,0.2,6.0
2023-05-14,4491.0,0.0,2180.27,0.0,454.24,0.2,6.0
2023-05-15,4491.0,0.0,0.0,0.0,1966.43,0.2,6.0
2023-05-16,4491.0,372.34,0.0,0.0,0.0,0.2,6.0
2023-05-17,4491.0,0.0,0.0,1282.9,0.0,0.2,6.0
2023-05-18,1652.0,0.0,0.0,0.0,0.0,0.2,6.0
2023-05-19,1652.0,0.0,483.61,0.0,0.0,0.2,6.0
2023-05-20,1652.0,0.0,1276.01,1389.42,898.79,0.2,6.0
2023-05-22,3937.0,0.0,1443.62,0.0,991.23,0.2,6.0
2023-05-25,3937.0,0.0,0.0,0.0,211.84,0.2,6.0
2023-05-28,3937.0,0.0,0.0,333.69,0.0,0.2,6.0
2023-05-29,4272.0,0.0,0.0,0.0,0.0,0.2,6.0
2023-05-30,3575.0,0.0,0.0,0.0,0.0,0.2,6.0
2023-06-02,4981.0,0.0,0.0,0.0,0.0,0.2,6.0
2023-06-03,4981.0,0.0,682.52,0.0,0.0,0.2,6.0
2023-06-04,4981.0,0.0,0.0,0.0,1411.96,0.2,6.0
2023-06-05,4981.0,0.0,1218.56,0.0,0.0,0.2,6.0
2023-06-08,4981.0,211.5,0.0,824.47,0.0,0.2,6.0
2023-06-09,4981.0,0.0,108.77,0.0,1324.59,0.2,6.0
2023-06-10,4981.0,0.0,0.0,0.0,500.02,0.2,6.0
2023-06-13,4981.0,0.0,0.0,0.0,407.35,0.2,6.0
2023-06-15,2890.0,0.0,0.0,0.0,0.0,0.2,6.0
2023-06-16,2890.0,0.0,0.0,0.0,2636.2799999999997,0.2,6.0
2023-06-17,2890.0,0.0,748.33,0.0,191.36,0.2,6.0
2023-06-19,2890.0,0.0,897.09,0.0,0.0,0.2,6.0
2023-06-21,2890.0,0.0,0.0,0.0,534.17,0.2,6.0
2023-06-22,2890.0,310.75,180.56,0.0,0.0,0.2,6.0
2023-06-23,2890.0,0.0,0.0,0.0,1941.7,0.2,6.0
2023-06-25,2890.0,1683.19,0.0,0.0,3081.3,0.2,6.0
2023-06-26,2890.0,0.0,0.0,0.0,167.12,0.2,6.0
2023-06-30,2890.0,1009.18,0.0,0.0,0.0,0.2,6.0
2023-07-01,2890.0,0.0,249.36,0.0,0.0,0.2,6.0
2023-07-02,2890.0,0.0,1898.63,0.0,0.0,0.2,6.0
2023-07-05,3219.0,0.0,0.0,0.0,0.0,0.2,6.0
2023-07-06,3219.0,0.0,0.0,0.0,411.82,0.2,6.0
2023-07-07,3219.0,0.0,1853.0600000000002,0.0,0.0,0.2,6.0
2023-07-10,1365.0,1575.24,0.0,0.0,1948.5900000000001,0.2,6.0
2023-07-11,1365.0,0.0,1573.63,0.0,0.0,0.2,6.0
2023-07-13,1365.0,0.0,0.0,0.0,1757.01,0.2,6.0
2023-07-15,3517.0,0.0,558.07,0.0,2532.45,0.2,6.0
2023-07-16,3517.0,682.35,0.0,0.0,0.0,0.2,6.0
2023-07-17,3517.0,0.0,0.0,0.0,567.89,0.2,6.0
2023-07-18,3517.0,0.0,1945.27,0.0,0.0,0.2,6.0
2023-07-19,3517.0,0.0,0.0,0.0,2494.85,0.2,6.0
2023-07-20,3517.0,0.0,383.99,0.0,0.0,0.2,6.0
2023-07-21,3517.0,0.0,0.0,0.0,1484.48,0.2,6.0
2023-07-23,3517.0,0.0,0.0,0.0,1643.82,0.2,6.0
2023-07-25,3517.0,0.0,140.58,0.0,0.0,0.2,6.0
2023-07-26,3517.0,0.0,0.0,0.0,279.94,0.2,6.0
2023-07-27,3517.0,355.74,0.0,1675.58,0.0,0.2,6.0
2023-07-30,3517.0,0.0,0.0,0.0,110.61,0.2,6.0
2023-08-01,3517.0,0.0,0.0,555.22,0.0,0.2,6.0
2023-08-04,3517.0,0.0,0.0,0.0,1274.47,0.2,6.0
2023-08-05,2481.0,0.0,0.0,0.0,0.0,0.2,6.0
2023-08-07,2481.0,0.0,0.0,0.0,1058.4499999999998,0.2,6.0
2023-08-09,2481.0,0.0,0.0,0.0,1565.06,0.2,6.0
2023-08-10,2313.0,0.0,0.0,545.48,0.0,0.2,6.0
2023-08-11,2313.0,1730.61,0.0,0.0,0.0,0.2,6.0
2023-08-16,2313.0,953.45,0.0,0.0,0.0,0.2,6.0
2023-08-17,569.0,0.0,0.0,0.0,1428.35,0.2,6.0
2023-08-21,569.0,0.0,0.0,0.0,853.38,0.2,6.0
2023-08-22,569.0,0.0,0.0,0.0,923.41,0.2,6.0
2023-08-23,569.0,0.0,0.0,0.0,1357.62,0.2,6.0
2023-08-25,569.0,0.0,0.0,0.0,1173.13,0.2,6.0
2023-08-27,2815.0,0.0,0.0,0.0,0.0,0.2,6.0
2023-08-30,2815.0,0.0,968.66,0.0,2985.3,0.2,6.0
2023-09-01,2815.0,0.0,0.0,1800.38,1324.46,0.2,6.0
2023-09-03,2815.0,1314.25,0.0,0.0,0.0,0.2,6.0
2023-09-04,2815.0,1170.22,0.0,692.9,1814.75,0.2,6.0
2023-09-07,2815.0,0.0,0.0,0.0,1813.99,0.2,6.0
2023-09-10,2815.0,0.0,0.0,0.0,1692.38,0.2,6.0
2023-09-11,2815.0,0.0,594.63,0.0,1453.12,0.2,6.0
2023-09-12,2815.0,0.0,2346.66,0.0,0.0,0.2,6.0
2023-09-13,2815.0,0.0,0.0,0.0,846.74,0.2,6.0
2023-09-14,2815.0,0.0,1896.0900000000001,0.0,528.51,0.2,6.0
2023-09-15,3626.0,0.0,0.0,0.0,117.58,0.2,6.0
2023-09-16,3626.0,0.0,1984.77,0.0,295.02,0.2,6.0
2023-09-21,3626.0,0.0,2193.7799999999997,0.0,0.0,0.2,6.0
2023-09-23,2740.0,0.0,0.0,0.0,0.0,0.2,6.0
2023-09-24,2740.0,0.0,1156.8,0.0,0.0,0.2,6.0
2023-09-28,1560.0,0.0,0.0,0.0,0.0,0.2,6.0
2023-09-29,1560.0,0.0,0.0,0.0,812.75,0.2,6.0
2023-10-03,1560.0,0.0,0.0,0.0,19.29,0.2,6.0
2023-10-04,1560.0,0.0,0.0,45.65,1900.64,0.2,6.0
2023-10-05,2353.0,0.0,0.0,0.0,0.0,0.2,6.0
2023-10-06,2353.0,0.0,0.0,0.0,631.06,0.2,6.0
2023-10-08,4810.0,0.0,0.0,0.0,1458.39,0.2,6.0
2023-10-09,4810.0,0.0,692.04,0.0,872.99,0.2,6.0
2023-10-11,4810.0,0.0,0.0,0.0,1502.73,0.2,6.0
2023-10-13,656.0,0.0,0.0,0.0,0.0,0.2,6.0
2023-10-14,1508.0,0.0,430.27,0.0,0.0,0.2,6.0
2023-10-15,1508.0,1948.54,0.0,0.0,0.0,0.2,6.0
2023-10-16,661.0,0.0,0.0,0.0,0.0,0.2,6.0
2023-10-17,3914.0,0.0,1099.09,0.0,0.0,0.2,6.0
2023-10-27,3914.0,609.22,418.93,0.0,0.0,0.2,6.0
2023-10-29,3914.0,0.0,0.0,0.0,1249.37,0.2,6.0
2023-10-30,2815.0,0.0,0.0,0.0,1663.0,0.2,6.0
2023-11-04,4577.0,0.0,0.0,0.0,0.0,0.2,6.0
2023-11-05,2654.0,0.0,0.0,0.0,0.0,0.2,6.0
2023-11-08,2654.0,0.0,88.42,2101.79,0.0,0.2,6.0
2023-11-09,2654.0,0.0,1672.11,15.45,0.0,0.2,6.0
2023-11-11,2654.0,0.0,3349.29,0.0,0.0,0.2,6.0
2023-11-13,2393.0,0.0,0.0,0.0,0.0,0.2,6.0
2023-11-14,823.0,0.0,0.0,0.0,535.61,0.2,6.0
2023-11-15,823.0,0.0,0.0,0.0,1605.18,0.2,6.0
2023-11-17,823.0,0.0,199.05,0.0,0.0,0.2,6.0
2023-11-18,823.0,29.25,0.0,0.0,0.0,0.2,6.0
2023-11-21,3192.0,0.0,0.0,0.0,1910.63,0.2,6.0
2023-11-22,3192.0,0.0,751.52,0.0,0.0,0.2,6.0
2023-11-23,3192.0,0.0,807.55,0.0,1673.06,0.2,6.0
2023-11-26,3192.0,1963.32,1072.8799999999999,0.0,1601.8,0.2,6.0
2023-11-27,3192.0,0.0,0.0,0.0,1597.31,0.2,6.0
2023-11-28,3192.0,0.0,971.33,0.0,886.97,0.2,6.0
2023-11-29,601.0,0.0,0.0,0.0,0.0,0.2,6.0
2023-12-05,601.0,0.0,0.0,1956.01,1043.01,0.2,6.0
2023-12-06,601.0,0.0,871.37,0.0,0.0,0.2,6.0
2023-12-08,601.0,0.0,0.0,0.0,698.04,0.2,6.0
2023-12-09,601.0,33.17,0.0,0.0,305.82,0.2,6.0
2023-12-10,601.0,0.0,0.0,0.0,1705.22,0.2,6.0
2023-12-11,601.0,0.0,1505.35,0.0,0.0,0.2,6.0
2023-12-13,601.0,0.0,0.0,0.0,1940.59,0.2,6.0
2023-12-14,3601.0,0.0,0.0,166.87,0.0,0.2,6.0
2023-12-18,3601.0,0.0,0.0,0.0,185.16,0.2,6.0
2023-12-20,3601.0,0.0,0.0,0.0,246.23,0.2,6.0
2023-12-21,3601.0,214.26,0.0,0.0,0.0,0.2,6.0
2023-12-22,3601.0,1653.56,0.0,0.0,0.0,0.2,6.0
2023-12-23,3601.0,0.0,0.0,0.0,1781.32,0.2,6.0
2023-12-25,3601.0,0.0,0.0,0.0,1901.21,0.2,6.0
2023-12-26,3601.0,1635.01,0.0,0.0,0.0,0.2,6.0
2023-12-27,3601.0,0.0,0.0,0.0,1124.7,0.2,6.0
2023-12-29,3601.0,0.0,0.0,14.37,1673.0600000000002,0.2,6.0
2024-01-02,3601.0,0.0,101.1,0.0,1099.9,0.2,6.0
2024-01-04,5888.0,0.0,0.0,0.0,0.0,0.2,6.0
2024-01-07,2266.0,0.0,0.0,0.0,0.0,0.2,6.0
2024-01-09,880.0,0.0,0.0,1436.41,0.0,0.2,6.0
2024-01-10,880.0,0.0,1546.57,0.0,0.0,0.2,6.0
2024-01-11,4045.0,0.0,1928.07,0.0,1849.5,0.2,6.0
2024-01-12,4045.0,0.0,1386.72,0.0,0.0,0.2,6.0
2024-01-13,1348.0,0.0,0.0,0.0,0.0,0.2,6.0
2024-01-14,1348.0,0.0,0.0,0.0,1013.18,0.2,6.0
2024-01-15,1348.0,0.0,0.0,554.46,0.0,0.2,6.0
2024-01-16,4696.0,0.0,0.0,0.0,2337.79,0.2,6.0
2024-01-17,4696.0,0.0,0.0,409.77,0.0,0.2,6.0
2024-01-19,4696.0,0.0,2975.6099999999997,0.0,2799.96,0.2,6.0
2024-01-20,4696.0,0.0,0.0,0.0,1169.78,0.2,6.0
2024-01-22,4696.0,0.0,0.0,0.0,1351.74,0.2,6.0
2024-01-23,4696.0,0.0,0.0,0.0,1756.18,0.2,6.0
2024-01-24,4696.0,1050.23,0.0,0.0,0.0,0.2,6.0
2024-01-25,934.0,0.0,0.0,0.0,0.0,0.2,6.0
2024-01-26,2917.0,0.0,0.0,541.29,1369.95,0.2,6.0
2024-01-27,2917.0,723.78,0.0,0.0,0.0,0.2,6.0
2024-01-28,2917.0,0.0,0.0,1487.4,0.0,0.2,6.0
2024-01-30,2917.0,0.0,0.0,1026.74,0.0,0.2,6.0
2024-02-01,2917.0,0.0,0.0,0.0,1388.94,0.2,6.0
2024-02-06,3674.0,0.0,0.0,0.0,0.0,0.2,6.0
2024-02-07,2163.0,0.0,0.0,0.0,1932.01,0.2,6.0
2024-02-10,2163.0,0.0,0.0,1554.53,3174.33,0.2,6.0
2024-02-14,2163.0,0.0,382.08,0.0,903.14,0.2,6.0
2024-02-15,3590.0,0.0,0.0,0.0,0.0,0.2,6.0
2024-02-16,2664.0,0.0,0.0,0.0,0.0,0.2,6.0
2024-02-17,546.0,0.0,0.0,0.0,0.0,0.2,6.0
2024-02-19,546.0,0.0,89.48,0.0,0.0,0.2,6.0
2024-02-21,546.0,1549.59,0.0,0.0,1141.23,0.2,6.0
2024-02-22,546.0,0.0,0.0,1914.41,0.0,0.2,6.0
2024-02-23,546.0,0.0,1543.01,0.0,0.0,0.2,6.0
2024-02-24,546.0,0.0,0.0,0.0,2662.12,0.2,6.0
2024-02-25,546.0,238.3,0.0,0.0,0.0,0.2,6.0
2024-02-27,546.0,0.0,0.0,3728.15,768.93,0.2,6.0
2024-02-28,546.0,0.0,777.89,0.0,0.0,0.2,6.0
2024-02-29,546.0,0.0,0.0,0.0,59.16,0.2,6.0
2024-03-02,546.0,0.0,0.0,0.0,1033.48,0.2,6.0
2024-03-03,546.0,0.0,0.0,0.0,97.26,0.2,6.0
2024-03-05,1871.0,0.0,0.0,647.42,0.0,0.2,6.0
2024-03-06,1871.0,1257.6,419.1,1731.25,0.0,0.2,6.0
2024-03-07,1871.0,0.0,57.27,0.0,1296.66,0.2,6.0
2024-03-08,1871.0,184.17,0.0,0.0,0.0,0.2,6.0
2024-03-11,1077.0,0.0,0.0,0.0,0.0,0.2,6.0
2024-03-13,1077.0,0.0,0.0,1822.86,0.0,0.2,6.0
2024-03-15,1077.0,0.0,0.0,0.0,1264.13,0.2,6.0
2024-03-16,1077.0,785.11,0.0,0.0,0.0,0.2,6.0
2024-03-18,1018.0,0.0,0.0,0.0,0.0,0.2,6.0
2024-03-26,1018.0,1404.76,0.0,0.0,0.0,0.2,6.0
2024-03-27,2874.0,0.0,0.0,0.0,0.0,0.2,6.0
2024-03-28,2874.0,0.0,0.0,0.0,1217.07,0.2,6.0
2024-03-29,2874.0,0.0,0.0,0.0,769.01,0.2,6.0
2024-03-30,2874.0,953.24,1496.04,0.0,0.0,0.2,6.0
2024-04-03,2874.0,0.0,0.0,0.0,1920.67,0.2,6.0
2024-04-04,591.0,0.0,0.0,0.0,0.0,0.2,6.0
2024-04-06,591.0,0.0,255.24,0.0,0.0,0.2,6.0
2024-04-07,4900.0,0.0,0.0,0.0,0.0,0.2,6.0
2024-04-08,4900.0,0.0,616.34,0.0,0.0,0.2,6.0
2024-04-09,4900.0,0.0,330.3,0.0,431.36,0.2,6.0
2024-04-10,4996.0,0.0,0.0,0.0,396.71,0.2,6.0
2024-04-11,4996.0,0.0,588.4,0.0,0.0,0.2,6.0
2024-04-13,2117.0,0.0,0.0,0.0,0.0,0.2,6.0
2024-04-16,2117.0,0.0,0.0,0.0,1903.56,0.2,6.0
2024-04-17,2117.0,0.0,0.0,851.48,1389.98,0.2,6.0
2024-04-18,3091.0,0.0,0.0,0.0,0.0,0.2,6.0
2024-04-20,3091.0,0.0,19.62,0.0,0.0,0.2,6.0
2024-04-21,3091.0,0.0,0.0,1427.28,0.0,0.2,6.0
2024-04-22,3091.0,0.0,0.0,0.0,1681.82,0.2,6.0
2024-04-23,4431.0,0.0,0.0,0.0,0.0,0.2,6.0
2024-04-25,4431.0,0.0,0.0,0.0,1551.79,0.2,6.0
2024-04-26,4431.0,0.0,359.78,0.0,1718.84,0.2,6.0
2024-04-30,2656.0,0.0,0.0,0.0,0.0,0.2,6.0
2024-05-02,2656.0,0.0,1457.58,0.0,0.0,0.2,6.0
2024-05-03,2656.0,1627.16,0.0,0.0,0.0,0.2,6.0
2024-05-04,2656.0,0.0,0.0,1813.54,1311.28,0.2,6.0
2024-05-05,2329.0,0.0,0.0,0.0,276.42,0.2,6.0
2024-05-14,2329.0,0.0,799.6,0.0,0.0,0.2,6.0
2024-05-15,2329.0,0.0,0.0,1697.48,0.0,0.2,6.0
2024-05-17,2329.0,0.0,1516.84,0.0,0.0,0.2,6.0
2024-05-20,1967.0,0.0,0.0,0.0,0.0,0.2,6.0
2024-05-22,1967.0,0.0,1474.48,0.0,0.0,0.2,6.0
2024-05-23,1967.0,0.0,0.0,0.0,90.44,0.2,6.0
2024-05-25,1967.0,0.0,0.0,135.09,0.0,0.2,6.0
2024-05-26,1967.0,1340.49,0.0,0.0,0.0,0.2,6.0
2024-05-27,1967.0,89.41,0.0,0.0,782.31,0.2,6.0
2024-05-31,1967.0,0.0,1410.44,0.0,0.0,0.2,6.0
2024-06-01,1967.0,0.0,0.0,0.0,1671.4,0.2,6.0
2024-06-02,1967.0,0.0,1797.71,0.0,0.0,0.2,6.0
2024-06-03,1967.0,0.0,0.0,1037.58,0.0,0.2,6.0
2024-06-04,1967.0,0.0,0.0,0.0,978.85,0.2,6.0
2024-06-06,1967.0,1008.66,0.0,0.0,0.0,0.2,6.0
2024-06-07,2384.0,0.0,0.0,0.0,0.0,0.2,6.0
2024-06-09,2232.0,0.0,0.0,0.0,0.0,0.2,6.0
2024-06-10,3467.0,0.0,0.0,0.0,0.0,0.2,6.0
2024-06-12,3467.0,0.0,1325.61,0.0,0.0,0.2,6.0
2024-06-13,3467.0,0.0,0.0,0.0,2406.56,0.2,6.0
2024-06-14,3467.0,0.0,0.0,0.0,54.67,0.2,6.0
2024-06-15,1603.0,0.0,0.0,0.0,0.0,0.2,6.0
2024-06-16,1603.0,1782.69,0.0,0.0,0.0,0.2,6.0
2024-06-17,2615.0,0.0,0.0,0.0,0.0,0.2,6.0
2024-06-21,2615.0,1758.23,0.0,0.0,1202.72,0.2,6.0
2024-06-22,2615.0,0.0,0.0,0.0,1895.04,0.2,6.0
2024-06-23,1669.0,0.0,2701.32,0.0,2933.0299999999997,0.2,6.0
2024-07-01,3657.0,0.0,0.0,0.0,0.0,0.2,6.0
2024-07-05,2157.0,0.0,0.0,0.0,0.0,0.2,6.0
2024-07-06,2157.0,0.0,0.0,0.0,1654.76,0.2,6.0
2024-07-07,2157.0,3551.7,1152.43,0.0,0.0,0.2,6.0
2024-07-13,2157.0,1398.31,0.0,0.0,1048.87,0.2,6.0
2024-07-16,2157.0,0.0,0.0,0.0,1581.22,0.2,6.0
2024-07-20,2157.0,0.0,856.72,0.0,0.0,0.2,6.0
2024-07-21,2157.0,0.0,0.0,1821.07,0.0,0.2,6.0
2024-07-22,2611.0,0.0,0.0,0.0,0.0,0.2,6.0
2024-07-23,8352.0,0.0,0.0,0.0,0.0,0.2,6.0
2024-07-25,8352.0,0.0,0.0,0.0,823.6,0.2,6.0
2024-07-26,2577.0,0.0,0.0,0.0,3011.73,0.2,6.0
2024-07-27,2577.0,0.0,1711.45,0.0,2065.67,0.2,6.0
2024-07-28,2577.0,0.0,209.55,898.72,0.0,0.2,6.0
2024-07-29,2577.0,1940.5700000000002,0.0,0.0,1603.7,0.2,6.0
2024-07-30,2577.0,0.0,533.55,0.0,1852.46,0.2,6.0
2024-08-01,2577.0,1451.74,0.0,0.0,0.0,0.2,6.0
2024-08-02,2577.0,1891.97,0.0,0.0,1231.79,0.2,6.0
2024-08-03,2577.0,0.0,0.0,0.0,1281.1,0.2,6.0
2024-08-08,2577.0,0.0,0.0,1234.23,0.0,0.2,6.0
2024-08-09,2577.0,0.0,0.0,0.0,486.12,0.2,6.0
2024-08-11,1211.0,0.0,0.0,0.0,0.0,0.2,6.0
2024-08-14,1211.0,0.0,1839.16,1040.31,712.72,0.2,6.0
2024-08-15,1211.0,0.0,0.0,0.0,701.48,0.2,6.0
2024-08-22,1211.0,0.0,0.0,1216.66,0.0,0.2,6.0
2024-08-23,538.0,0.0,0.0,0.0,0.0,0.2,6.0
2024-08-25,4906.0,0.0,0.0,0.0,1703.94,0.2,6.0
2024-08-27,4906.0,0.0,0.0,0.0,2933.67,0.2,6.0
2024-08-28,4906.0,969.12,0.0,0.0,2637.3599999999997,0.2,6.0
2024-08-30,4906.0,0.0,0.0,1602.32,0.0,0.2,6.0
2024-09-01,4906.0,0.0,0.0,0.0,1037.84,0.2,6.0
2024-09-02,2533.0,0.0,0.0,0.0,0.0,0.2,6.0
2024-09-05,3396.0,0.0,1113.56,0.0,1724.4,0.2,6.0
2024-09-06,3396.0,0.0,0.0,1003.01,0.0,0.2,6.0
2024-09-07,2674.0,0.0,0.0,0.0,0.0,0.2,6.0
2024-09-08,2674.0,0.0,0.0,1671.53,0.0,0.2,6.0
2024-09-10,2674.0,0.0,0.0,0.0,320.43,0.2,6.0
2024-09-13,4535.0,0.0,0.0,0.0,0.0,0.2,6.0
2024-09-15,4535.0,1697.54,0.0,0.0,0.0,0.2,6.0
2024-09-16,4535.0,0.0,0.0,0.0,989.76,0.2,6.0
2024-09-17,4535.0,0.0,117.75,0.0,1788.48,0.2,6.0
2024-09-18,4535.0,0.0,0.0,0.0,1879.91,0.2,6.0
2024-09-21,3725.0,0.0,0.0,0.0,0.0,0.2,6.0
2024-09-22,3725.0,0.0,919.82,0.0,0.0,0.2,6.0
2024-09-23,3085.0,0.0,0.0,0.0,0.0,0.2,6.0
2024-09-24,3085.0,1351.47,0.0,0.0,0.0,0.2,6.0
2024-09-25,3085.0,0.0,657.62,0.0,0.0,0.2,6.0
2024-09-26,3085.0,0.0,0.0,0.0,1330.41,0.2,6.0
2024-09-27,3085.0,0.0,0.0,0.0,1780.41,0.2,6.0
2024-10-01,2372.0,0.0,0.0,0.0,566.46,0.2,6.0
2024-10-02,2372.0,0.0,0.0,0.0,2010.3000000000002,0.2,6.0
2024-10-03,2372.0,0.0,951.24,0.0,0.0,0.2,6.0
2024-10-04,9078.0,0.0,0.0,0.0,0.0,0.2,6.0
2024-10-07,9078.0,802.82,0.0,0.0,0.0,0.2,6.0
2024-10-08,9078.0,438.78,0.0,0.0,0.0,0.2,6.0
2024-10-09,9078.0,0.0,905.21,0.0,0.0,0.2,6.0
2024-10-10,9078.0,0.0,0.0,0.0,1421.85,0.2,6.0
2024-10-11,9078.0,0.0,0.0,0.0,1736.06,0.2,6.0
2024-10-12,9078.0,0.0,0.0,1157.94,0.0,0.2,6.0
2024-10-15,9078.0,0.0,1958.95,0.0,0.0,0.2,6.0
2024-10-17,9078.0,0.0,0.0,0.0,3130.02,0.2,6.0
2024-10-18,9078.0,0.0,0.0,0.0,932.87,0.2,6.0
2024-10-19,9078.0,0.0,1284.76,0.0,1266.23,0.2,6.0
2024-10-21,9078.0,0.0,167.43,0.0,1855.31,0.2,6.0
2024-10-23,9078.0,0.0,0.0,0.0,1564.14,0.2,6.0
2024-10-24,9078.0,0.0,0.0,0.0,833.84,0.2,6.0
2024-10-28,1524.0,0.0,0.0,0.0,0.0,0.2,6.0
2024-11-01,1524.0,0.0,0.0,0.0,1881.47,0.2,6.0
2024-11-02,1524.0,0.0,429.04,0.0,0.0,0.2,6.0
2024-11-03,1524.0,62.47,136.95,0.0,0.0,0.2,6.0
2024-11-11,1524.0,0.0,1529.9399999999998,0.0,0.0,0.2,6.0
2024-11-12,1524.0,0.0,0.0,0.0,466.42,0.2,6.0
2024-11-13,3898.0,0.0,0.0,0.0,3206.91,0.2,6.0
2024-11-14,4240.0,0.0,0.0,0.0,1101.61,0.2,6.0
2024-11-16,4240.0,0.0,0.0,0.0,1051.69,0.2,6.0
2024-11-17,500.0,0.0,0.0,1611.37,2649.05,0.2,6.0
2024-11-18,500.0,1378.66,694.33,0.0,0.0,0.2,6.0
2024-11-19,500.0,0.0,0.0,0.0,606.22,0.2,6.0
2024-11-20,500.0,0.0,0.0,0.0,1583.3,0.2,6.0
2024-11-22,500.0,0.0,0.0,0.0,795.56,0.2,6.0
2024-11-23,3599.0,0.0,0.0,0.0,0.0,0.2,6.0
2024-11-24,3599.0,0.0,850.26,0.0,1408.19,0.2,6.0
2024-11-25,4209.0,0.0,281.88,0.0,383.7,0.2,6.0
2024-11-26,4882.0,0.0,0.0,0.0,0.0,0.2,6.0
2024-11-29,2811.0,0.0,0.0,0.0,0.0,0.2,6.0
2024-11-30,2811.0,0.0,0.0,0.0,1456.94,0.2,6.0
2024-12-02,2811.0,0.0,39.3,0.0,0.0,0.2,6.0
2024-12-05,2811.0,0.0,0.0,0.0,630.04,0.2,6.0
2024-12-06,2811.0,0.0,0.0,0.0,932.73,0.2,6.0
2024-12-09,2811.0,0.0,0.0,0.0,169.64,0.2,6.0
2024-12-11,2811.0,0.0,121.52,0.0,0.0,0.2,6.0
2024-12-12,3625.0,0.0,1090.95,0.0,0.0,0.2,6.0
2024-12-15,3625.0,0.0,1949.45,0.0,0.0,0.2,6.0
2024-12-16,3625.0,0.0,0.0,0.0,1544.74,0.2,6.0
2024-12-19,3625.0,406.37,1047.07,0.0,0.0,0.2,6.0
2024-12-21,3625.0,0.0,0.0,0.0,784.35,0.2,6.0
2024-12-23,3625.0,0.0,0.0,0.0,325.64,0.2,6.0
2024-12-28,1425.0,0.0,514.09,727.25,0.0,0.2,6.0
2024-12-29,1480.0,0.0,0.0,0.0,655.78,0.2,6.0
